Name,GPA,SAT_Score,Study_Hours_Per_Week,Parent_Education,Extracurricular_Participation,Motivation_Level,Home_Environment,Performance
Student1,3.5,1200,10,Bachelor's Degree,Yes,High,Supportive,Good
Student2,2.8,1050,8,High School Diploma,No,Moderate,Chaotic,Bad
DFICHJYE,2.9,1194,15,PhD,No,Moderate,Supportive,Bad
EYYZJRBW,3.3,1509,14,Bachelor's Degree,Yes,Moderate,Neutral,Good
QOCONCSN,3.4,965,19,PhD,No,High,Chaotic,Bad
PRVZMDEI,3.4,945,11,Bachelor's Degree,No,High,Supportive,Bad
NKZBWZFG,2.1,1386,12,Master's Degree,No,Low,Neutral,Bad
CRRQWCQR,3.9,1050,8,Master's Degree,Yes,Moderate,Chaotic,Bad
RMJVMOMO,3.8,1162,20,High School Diploma,Yes,Low,Chaotic,Bad
IKNKANTO,2.4,1017,10,High School Diploma,No,High,Neutral,Bad
ESMAEPKU,3.1,1471,18,High School Diploma,No,Low,Supportive,Bad
YIFYBEVW,3.4,1242,8,PhD,Yes,Moderate,Neutral,Good
KPQCHWBL,3.6,1349,20,Bachelor's Degree,Yes,Moderate,Chaotic,Bad
KBTUYNLT,2.3,1092,5,PhD,Yes,High,Supportive,Bad
JXUHEJND,2.1,1011,6,High School Diploma,Yes,Moderate,Supportive,Bad
VPHTNTDY,3.2,1346,13,Bachelor's Degree,No,Low,Chaotic,Bad
VCRBAAZX,2.4,1504,12,PhD,Yes,Low,Neutral,Bad
TSRYMYUA,3.2,1508,11,Master's Degree,Yes,Low,Supportive,Bad
NVEWFYGN,3.8,1102,20,Master's Degree,Yes,High,Chaotic,Bad
OEHJQBDF,3.7,1045,8,High School Diploma,No,Low,Neutral,Bad
VPDBVPVP,2.1,1565,20,Master's Degree,Yes,Low,Chaotic,Bad
IIVYRUDM,3.1,1382,11,Master's Degree,No,Low,Neutral,Bad
HSNMXUKC,2.7,1096,13,PhD,Yes,Low,Chaotic,Bad
VQHTUUWC,3.2,1549,17,Master's Degree,No,Moderate,Neutral,Bad
IOZYBDDD,2.0,1123,20,Bachelor's Degree,No,Low,Neutral,Bad
MWLGBOMP,2.0,1492,14,Bachelor's Degree,No,Moderate,Chaotic,Bad
DWCEIQQP,3.9,1224,8,High School Diploma,Yes,Moderate,Neutral,Bad
OVMYWXNG,3.9,986,6,Master's Degree,No,Low,Supportive,Bad
UYFDSVVA,3.4,1582,13,Bachelor's Degree,No,Moderate,Chaotic,Bad
ZTZHKTVB,3.3,1345,15,PhD,No,Moderate,Chaotic,Bad
IICDCLIW,2.3,1471,13,Bachelor's Degree,Yes,Low,Supportive,Bad
FVRNYCDR,3.7,942,7,High School Diploma,Yes,Low,Chaotic,Bad
IBZKKCZZ,3.8,1357,10,Master's Degree,No,Low,Chaotic,Bad
DXEDAYZT,2.8,1268,13,High School Diploma,No,Moderate,Chaotic,Bad
IZKEVPLK,2.6,1187,7,High School Diploma,Yes,Moderate,Supportive,Bad
ARKZJAWN,3.0,1489,20,High School Diploma,Yes,Moderate,Neutral,Bad
WVWNKSIK,3.8,1559,17,Master's Degree,Yes,High,Neutral,Good
TVWSEYQS,3.1,937,16,High School Diploma,No,Low,Supportive,Bad
FLRDAEQF,3.7,1348,5,Bachelor's Degree,Yes,High,Supportive,Bad
OZPMOPRA,2.5,1216,10,Bachelor's Degree,Yes,Low,Supportive,Bad
WJOFTCJQ,2.1,1452,5,PhD,No,Low,Neutral,Bad
FDDROKWV,2.1,1377,9,High School Diploma,Yes,High,Neutral,Bad
ZFEAFPXR,2.4,1210,12,PhD,No,High,Supportive,Bad
MCSFRCFH,3.9,1512,7,Master's Degree,No,Moderate,Supportive,Bad
WACZOLJJ,2.7,983,17,PhD,Yes,Moderate,Neutral,Bad
YGIARSMS,2.7,1480,17,Bachelor's Degree,Yes,High,Neutral,Good
RTLHXCSJ,2.0,1240,13,Bachelor's Degree,Yes,Low,Chaotic,Bad
MTVLDVRN,2.2,1029,18,High School Diploma,No,High,Chaotic,Bad
WLZRAQVO,3.0,1014,10,High School Diploma,No,Moderate,Chaotic,Bad
PBJDTOLD,3.8,1444,20,Bachelor's Degree,No,Moderate,Supportive,Bad
GSROQAZL,3.1,1374,18,PhD,Yes,Moderate,Supportive,Good
IGZUURCE,3.1,1434,10,High School Diploma,Yes,High,Supportive,Bad
KOUKWBQP,3.6,1116,16,Bachelor's Degree,No,Low,Chaotic,Bad
ATQRYRTS,2.3,1111,20,High School Diploma,Yes,High,Neutral,Bad
UIBBTUSS,2.6,1173,13,Bachelor's Degree,No,Low,Chaotic,Bad
WPBTRSGM,3.3,1362,7,PhD,No,Moderate,Supportive,Bad
IXZKTCCR,2.2,1166,20,High School Diploma,No,Low,Chaotic,Bad
GLGTHHNU,2.7,1465,18,Master's Degree,Yes,Moderate,Chaotic,Bad
FTFLZOFW,3.9,1565,11,PhD,Yes,Moderate,Chaotic,Bad
FESSATWZ,3.1,1523,5,Master's Degree,No,Moderate,Supportive,Bad
CHHSKGEY,3.8,1010,18,High School Diploma,No,Moderate,Chaotic,Bad
EXPRUJKI,2.8,1113,6,Bachelor's Degree,No,Moderate,Chaotic,Bad
JDGEVEHY,3.4,1493,11,Bachelor's Degree,Yes,Low,Supportive,Bad
LYMOUKDK,2.0,1149,7,High School Diploma,No,High,Neutral,Bad
FXXCBRCS,4.0,946,18,Master's Degree,No,High,Supportive,Bad
WQUUKYGD,2.4,1551,19,Master's Degree,No,Low,Neutral,Bad
RLAYERAI,3.3,1537,16,High School Diploma,Yes,High,Chaotic,Bad
LOIZZMJH,2.4,1487,12,Bachelor's Degree,No,Moderate,Neutral,Bad
AMKTZSLV,2.6,939,6,High School Diploma,No,High,Neutral,Bad
BVNIIYGT,3.3,1444,16,PhD,No,Low,Neutral,Bad
ANVIJBYT,4.0,955,14,Bachelor's Degree,Yes,Low,Neutral,Bad
USFQXNJK,3.7,1363,13,Bachelor's Degree,Yes,High,Chaotic,Bad
GWYHGJFF,3.8,1068,13,Bachelor's Degree,No,Low,Supportive,Bad
VLEXUHKW,2.7,1374,16,High School Diploma,No,High,Neutral,Bad
LIUPWOQY,2.0,994,15,PhD,Yes,Moderate,Chaotic,Bad
VKIATEMU,2.8,1285,18,Bachelor's Degree,No,Moderate,Chaotic,Bad
SGKKPGKQ,3.8,1289,7,Bachelor's Degree,No,Low,Neutral,Bad
XUVDMKQJ,2.2,994,10,Master's Degree,Yes,Low,Neutral,Bad
JEJSXAFH,2.7,1281,9,Bachelor's Degree,No,Low,Neutral,Bad
JOJBALVA,4.0,1034,16,Master's Degree,Yes,Moderate,Supportive,Good
ACKKRKQD,3.9,1157,15,Master's Degree,Yes,High,Neutral,Good
ZPXHDKTE,3.9,937,9,Master's Degree,No,Moderate,Chaotic,Bad
ILLMLJYA,2.7,1184,15,High School Diploma,Yes,High,Supportive,Bad
DVUTDIDB,2.5,997,15,PhD,Yes,Moderate,Neutral,Bad
UCOQXGOG,3.0,1464,8,PhD,No,Low,Chaotic,Bad
WLABYMWD,3.1,1473,14,PhD,No,High,Supportive,Bad
IZVYMUCA,2.6,1571,13,PhD,Yes,High,Supportive,Good
ASMUMTGD,3.7,1134,5,High School Diploma,No,Low,Chaotic,Bad
VSUAWSTA,2.3,1251,20,Master's Degree,No,Low,Supportive,Bad
CZYKMLTX,2.8,1246,5,Master's Degree,No,Low,Neutral,Bad
MFOOWXWA,2.4,1151,12,High School Diploma,Yes,High,Chaotic,Bad
FNWZSRZR,3.2,1503,17,Master's Degree,Yes,Low,Neutral,Bad
NWSICGRX,2.9,1086,18,Bachelor's Degree,Yes,High,Supportive,Good
WWGDUGPG,2.3,1417,10,Bachelor's Degree,Yes,Moderate,Neutral,Bad
DLUYQNRZ,3.6,1444,17,PhD,No,Low,Supportive,Bad
WXNONPWQ,3.7,1583,16,PhD,No,Moderate,Chaotic,Bad
AZOIIYHL,2.5,1224,10,High School Diploma,Yes,Moderate,Neutral,Bad
FKMNDDET,3.1,1496,19,High School Diploma,No,Low,Supportive,Bad
BKKMXWYR,3.6,1215,6,Bachelor's Degree,No,High,Neutral,Bad
ZVCOYGDO,2.0,1162,12,Master's Degree,No,Moderate,Neutral,Bad
ORSLYMWC,2.5,1072,7,Bachelor's Degree,Yes,Moderate,Supportive,Good
YDFENXMB,4.0,1510,5,Bachelor's Degree,Yes,Low,Chaotic,Bad
TIKMLKEI,2.7,987,20,High School Diploma,No,Moderate,Chaotic,Bad
PQZFYJUV,2.8,1427,16,High School Diploma,Yes,Moderate,Supportive,Bad
VKISSCJP,3.2,1153,19,High School Diploma,Yes,High,Neutral,Bad
MWWNAENU,2.9,1017,20,High School Diploma,Yes,High,Supportive,Bad
QVXBMZEQ,2.3,1547,17,Master's Degree,No,Low,Chaotic,Bad
MKALURWZ,3.1,1449,16,High School Diploma,Yes,High,Chaotic,Bad
FALFNVYQ,2.4,1315,7,PhD,No,Low,Supportive,Bad
RQQFIXFH,2.3,1347,12,PhD,No,Moderate,Supportive,Bad
FIRIRFQH,4.0,1045,12,Master's Degree,Yes,Moderate,Chaotic,Bad
RVWUSAVN,3.0,956,12,PhD,No,High,Neutral,Bad
YSCQFFGK,2.9,1295,19,Master's Degree,No,High,Chaotic,Bad
OMSSKJVZ,3.5,1177,15,High School Diploma,Yes,Moderate,Chaotic,Bad
YNKLIPRC,3.9,1073,17,High School Diploma,No,Moderate,Supportive,Bad
ALLIMQRE,2.8,1596,14,Bachelor's Degree,Yes,Moderate,Chaotic,Bad
NREXQTMW,2.1,1409,11,Master's Degree,No,Moderate,Chaotic,Bad
KMDIBLKM,2.8,1269,16,PhD,No,High,Neutral,Bad
TZVRIZTH,2.9,1316,15,PhD,No,Moderate,Supportive,Bad
JLXHZUMV,3.2,999,14,Master's Degree,Yes,Low,Supportive,Bad
UDCRZDEY,2.7,1533,10,PhD,No,High,Chaotic,Bad
WOGYOGEI,2.6,1373,9,Master's Degree,Yes,Moderate,Chaotic,Bad
DGJMRJVV,2.5,1365,5,High School Diploma,No,Moderate,Supportive,Bad
HWQATAXJ,2.1,1034,19,Master's Degree,Yes,Low,Neutral,Bad
TXRVEDCJ,2.3,1594,18,PhD,Yes,Low,Chaotic,Bad
HUPBIWQX,4.0,1069,10,High School Diploma,Yes,Moderate,Neutral,Bad
UKLMNFSG,3.8,1079,20,Bachelor's Degree,No,Moderate,Neutral,Bad
OGHOYUJA,3.3,947,13,Bachelor's Degree,No,Moderate,Neutral,Bad
WYZSHLAU,3.3,1228,7,High School Diploma,Yes,Low,Supportive,Bad
YDZXOLCK,3.3,1288,6,High School Diploma,Yes,High,Chaotic,Bad
TGVOWPTN,2.3,1545,8,High School Diploma,Yes,Moderate,Neutral,Bad
UQBYDFGU,3.4,939,19,Master's Degree,Yes,Moderate,Supportive,Bad
RHLIFCMB,3.5,1158,18,Master's Degree,No,High,Supportive,Bad
FSEBDLQG,2.4,1215,6,PhD,Yes,High,Neutral,Bad
DJIPJQLI,3.5,1499,14,PhD,No,Low,Neutral,Bad
SCVSYMUU,4.0,1226,5,High School Diploma,Yes,High,Supportive,Bad
GMCXWUYJ,2.9,1013,17,Bachelor's Degree,Yes,Low,Neutral,Bad
HJSDDWLH,3.0,1394,15,High School Diploma,Yes,Moderate,Chaotic,Bad
XLAQSWFB,2.0,1124,13,Master's Degree,Yes,Moderate,Chaotic,Bad
UGRTKJAI,3.0,1161,20,Bachelor's Degree,No,Low,Chaotic,Bad
GPPZEQYX,3.2,1071,16,Master's Degree,No,Low,Supportive,Bad
TMTRCGTS,3.8,1563,7,Bachelor's Degree,Yes,High,Chaotic,Bad
OSIGSELH,3.0,941,18,High School Diploma,No,High,Supportive,Bad
NNMDJLEG,2.9,1447,9,Master's Degree,No,Moderate,Neutral,Bad
WKDVRCET,2.3,1005,15,High School Diploma,No,Moderate,Supportive,Bad
OCRAYCYG,2.1,998,19,PhD,No,Moderate,Chaotic,Bad
WMLEUUWR,3.7,1566,16,Master's Degree,Yes,Low,Chaotic,Bad
NPVYGRRL,2.1,1110,11,PhD,No,Low,Chaotic,Bad
IJTCHDBD,3.3,1262,5,High School Diploma,No,High,Chaotic,Bad
IYFPEQRA,2.1,1127,16,PhD,No,High,Neutral,Bad
CMGJXNGI,3.2,1157,14,Bachelor's Degree,No,High,Chaotic,Bad
SGGVNGVW,2.7,916,17,Bachelor's Degree,No,Moderate,Supportive,Bad
BIPIFPOW,2.5,1223,12,PhD,Yes,Low,Supportive,Bad
QILBRMVL,2.8,1387,12,Bachelor's Degree,No,Moderate,Neutral,Bad
LUZATPVN,3.2,1304,20,PhD,Yes,Low,Supportive,Bad
RLZGTDPD,3.6,1061,17,PhD,Yes,Moderate,Supportive,Good
UHOTOGNH,2.0,1186,11,High School Diploma,Yes,Moderate,Chaotic,Bad
VWFWMCYM,2.1,1053,6,Master's Degree,Yes,High,Supportive,Bad
MKIBGNGF,2.1,1565,19,Bachelor's Degree,No,High,Supportive,Bad
WYWUDALV,3.4,1287,18,High School Diploma,No,High,Supportive,Bad
ZHXCZVPF,3.5,1126,19,Bachelor's Degree,No,Low,Neutral,Bad
QCKUGEHA,3.9,1548,10,PhD,Yes,Low,Chaotic,Bad
XDCYIOXB,4.0,958,20,High School Diploma,No,Low,Neutral,Bad
LDGNMUWX,2.9,1141,10,Master's Degree,No,Low,Neutral,Bad
QCLUTBZP,3.2,1490,17,High School Diploma,Yes,Low,Neutral,Bad
VKOSNCAI,3.3,1394,8,Bachelor's Degree,No,High,Chaotic,Bad
IVFQPLPA,2.7,1559,15,Bachelor's Degree,No,High,Neutral,Bad
VJUGMPGG,3.5,1067,5,Master's Degree,No,High,Neutral,Bad
GCYCTYCA,2.1,1456,6,PhD,Yes,High,Supportive,Bad
XQCPCCJG,3.6,1177,5,Master's Degree,No,High,Neutral,Bad
EVHZFVQL,2.0,1176,15,High School Diploma,No,Moderate,Neutral,Bad
LBVXDICB,3.2,1307,5,PhD,No,High,Chaotic,Bad
XKXOCQGT,3.1,1181,5,High School Diploma,Yes,High,Chaotic,Bad
BBWZICSZ,2.6,970,14,High School Diploma,No,High,Neutral,Bad
ICBMBTVX,2.5,904,18,PhD,No,Low,Neutral,Bad
ZZRIGXAN,3.2,1417,14,High School Diploma,No,High,Supportive,Bad
KXTAFUPN,2.8,1024,8,Master's Degree,Yes,High,Chaotic,Bad
LAZNBUUA,4.0,1429,10,PhD,Yes,Moderate,Supportive,Good
CZBMYAJJ,2.4,1556,12,Master's Degree,No,High,Neutral,Bad
DCPVREEM,3.4,1408,6,Bachelor's Degree,Yes,Low,Chaotic,Bad
IJKOIIUV,2.5,1415,13,Bachelor's Degree,Yes,High,Chaotic,Bad
JLKSNBQC,3.0,1126,18,Master's Degree,No,Low,Neutral,Bad
JJOUFQKN,3.5,1583,17,Master's Degree,Yes,High,Supportive,Good
UXQCIMSV,2.3,1231,9,Master's Degree,No,Moderate,Supportive,Bad
KDCMJGRX,3.6,1113,19,High School Diploma,Yes,Low,Neutral,Bad
JXIXRRYL,3.0,1020,19,PhD,No,Moderate,Chaotic,Bad
RIITVGXW,3.7,1563,11,PhD,Yes,Low,Supportive,Bad
TKECZOMJ,3.0,1032,15,Bachelor's Degree,No,High,Chaotic,Bad
LONBEALQ,4.0,965,6,High School Diploma,No,Moderate,Chaotic,Bad
RZODNZJN,2.4,1365,5,PhD,No,Moderate,Neutral,Bad
TTTTAAQK,3.4,929,6,Bachelor's Degree,Yes,Moderate,Supportive,Bad
DCTSOJJJ,2.1,954,10,PhD,Yes,High,Supportive,Bad
VBJZLMIB,2.2,1462,20,Master's Degree,No,Moderate,Neutral,Bad
HWNVMBLT,3.9,1348,16,PhD,No,Moderate,Supportive,Bad
HALPOUAT,3.8,1493,19,Bachelor's Degree,No,Low,Chaotic,Bad
FARXNCNE,3.2,1327,7,Bachelor's Degree,Yes,Moderate,Supportive,Good
XFHOMVJW,3.9,1388,12,Master's Degree,Yes,Low,Neutral,Bad
MRRNZJFH,3.8,925,11,Bachelor's Degree,Yes,Low,Supportive,Bad
AIDJLCDU,3.2,1234,11,PhD,Yes,Moderate,Supportive,Good
BVLWEKYR,2.1,1450,18,High School Diploma,Yes,Moderate,Chaotic,Bad
DHFYRSAF,2.1,1588,17,PhD,Yes,Moderate,Supportive,Bad
GWNGLRXB,2.9,1026,10,Master's Degree,Yes,Moderate,Chaotic,Bad
YTJXJBDT,2.2,1451,5,High School Diploma,No,Moderate,Chaotic,Bad
JNWGXGVM,3.0,1150,6,High School Diploma,No,High,Chaotic,Bad
CQZLJIHC,2.2,1288,18,High School Diploma,Yes,Moderate,Supportive,Bad
RIWZPXLO,2.6,1420,14,High School Diploma,Yes,High,Chaotic,Bad
RAOQCRBZ,2.2,1418,17,Bachelor's Degree,Yes,Moderate,Supportive,Bad
IKXWNWWS,2.7,1572,13,High School Diploma,No,Moderate,Supportive,Bad
QEYWXGRL,3.2,1565,14,Master's Degree,No,Moderate,Neutral,Bad
XTQTZYES,3.1,1162,8,High School Diploma,Yes,High,Chaotic,Bad
UTWAGXMU,2.2,915,10,PhD,No,High,Supportive,Bad
HPXUUYCL,2.0,1198,9,Master's Degree,No,Low,Neutral,Bad
EQFTWLDH,3.5,1434,11,PhD,No,Moderate,Neutral,Bad
KFENOFOA,2.8,1082,20,PhD,No,Moderate,Chaotic,Bad
DBJMPXKA,2.1,1213,9,PhD,No,High,Supportive,Bad
GOBXDZQA,3.0,1184,16,Bachelor's Degree,No,Moderate,Supportive,Bad
HPYCCLVD,3.4,1181,8,Master's Degree,No,High,Supportive,Bad
RVEOREGU,3.4,1442,6,PhD,Yes,Moderate,Supportive,Good
FICAXNVU,2.1,983,8,PhD,Yes,High,Neutral,Bad
HCDARJIG,2.7,1193,10,High School Diploma,Yes,Moderate,Supportive,Bad
ZGXRYEZU,2.3,1431,7,High School Diploma,Yes,Low,Chaotic,Bad
SHRCXVMN,3.2,1528,12,Bachelor's Degree,No,Low,Supportive,Bad
LZSAYRDF,2.2,1379,7,Master's Degree,No,Moderate,Supportive,Bad
PUFJHOXB,2.9,971,13,Master's Degree,Yes,High,Neutral,Bad
CFAFILES,2.7,1582,11,Master's Degree,Yes,High,Chaotic,Bad
YFZEUTVU,3.5,1378,10,High School Diploma,No,Moderate,Chaotic,Bad
XFTSNBKK,2.0,1188,5,Master's Degree,Yes,Low,Chaotic,Bad
HUJXPOHO,3.3,993,15,High School Diploma,Yes,Moderate,Supportive,Bad
DQCRCFEZ,3.9,976,19,Master's Degree,No,High,Neutral,Bad
ROCYKYQG,3.8,965,8,Master's Degree,No,Low,Chaotic,Bad
IZPXAFVP,3.1,1230,16,Bachelor's Degree,Yes,Low,Supportive,Bad
EYLXCSRX,2.4,1098,7,Master's Degree,No,Moderate,Supportive,Bad
ZSHPEUDJ,3.6,1085,10,High School Diploma,Yes,Low,Neutral,Bad
RFYMVVCR,3.7,1123,15,PhD,No,Moderate,Supportive,Bad
SRVAFYZP,2.4,962,13,Master's Degree,Yes,Moderate,Chaotic,Bad
IHCYRLOW,2.0,1033,5,Bachelor's Degree,Yes,Low,Supportive,Bad
PLJFINWM,2.8,1312,18,Bachelor's Degree,No,Moderate,Chaotic,Bad
UZKUROCI,2.7,1416,11,Master's Degree,Yes,High,Chaotic,Bad
TVWLGYTV,2.6,1242,17,Master's Degree,Yes,High,Supportive,Good
DJYXRNKG,2.4,941,18,High School Diploma,Yes,Moderate,Neutral,Bad
COBRQYLD,3.7,1567,17,Bachelor's Degree,Yes,Moderate,Neutral,Good
UKOPJPCZ,3.0,1108,17,Master's Degree,Yes,Moderate,Chaotic,Bad
JIYZBEOA,3.2,1271,14,Bachelor's Degree,No,Low,Chaotic,Bad
CVNRBLTP,2.9,1436,9,Bachelor's Degree,Yes,High,Neutral,Good
VPQKBMZN,2.9,1057,17,Master's Degree,No,High,Chaotic,Bad
EZOAREKM,3.0,1223,14,PhD,Yes,Moderate,Neutral,Good
TIYKNVNN,2.2,1106,8,Bachelor's Degree,Yes,High,Chaotic,Bad
KGOPBZCD,4.0,918,9,Master's Degree,No,Low,Chaotic,Bad
HZUYMYHF,2.8,1506,5,Master's Degree,No,Moderate,Supportive,Bad
MXJBHTGN,3.8,1123,6,Bachelor's Degree,No,Low,Supportive,Bad
YHGLXVKI,2.2,1485,5,Master's Degree,No,Low,Chaotic,Bad
FZPKPOBS,2.7,1265,8,Bachelor's Degree,Yes,High,Neutral,Good
SMPAGLUB,2.6,1187,6,Bachelor's Degree,Yes,High,Neutral,Good
MQRZLTTB,3.6,948,7,High School Diploma,Yes,High,Neutral,Bad
BWDXBRUJ,3.2,1270,9,Master's Degree,Yes,High,Neutral,Good
ANWBMZAZ,3.1,999,9,Bachelor's Degree,Yes,High,Supportive,Bad
BDDXJMAM,3.8,1184,19,Bachelor's Degree,Yes,Low,Chaotic,Bad
EQSBKQXK,3.6,1312,14,Master's Degree,No,Low,Neutral,Bad
KFVPCKPA,3.1,1399,9,High School Diploma,Yes,Moderate,Chaotic,Bad
XNLIRAIQ,3.2,981,19,PhD,Yes,Low,Neutral,Bad
MHVZHWCL,2.8,1520,14,High School Diploma,No,High,Neutral,Bad
ITYSMZJV,3.6,1413,11,Master's Degree,Yes,Moderate,Neutral,Good
WESOJUFT,2.6,1575,7,High School Diploma,Yes,High,Supportive,Bad
DVLJZTRP,3.9,1049,15,PhD,Yes,Low,Chaotic,Bad
DWVGPFVR,3.2,1359,7,High School Diploma,Yes,High,Neutral,Bad
VDQKWXEU,2.9,999,10,PhD,No,Low,Supportive,Bad
ZSJWAZOS,4.0,1501,16,Master's Degree,Yes,High,Supportive,Good
DJYPFXOG,2.3,1355,17,Bachelor's Degree,Yes,High,Chaotic,Bad
TBFFQYWY,2.4,1320,5,Bachelor's Degree,No,Moderate,Chaotic,Bad
GEBKDAKG,3.0,1435,14,High School Diploma,Yes,Low,Supportive,Bad
PHSDOMDH,3.7,1093,18,High School Diploma,No,High,Chaotic,Bad
SEAIXZOV,3.4,1358,14,Bachelor's Degree,Yes,Low,Neutral,Bad
ZVDKTYYH,3.2,931,12,PhD,Yes,Low,Neutral,Bad
VTIRFNYO,3.2,1553,8,Master's Degree,No,Moderate,Supportive,Bad
NCCLHIHJ,2.0,1093,10,Master's Degree,No,High,Supportive,Bad
KYYQHXZT,3.5,1526,9,PhD,Yes,Moderate,Chaotic,Bad
DORJSONT,3.8,1278,6,Master's Degree,Yes,Moderate,Chaotic,Bad
GXJROQWV,2.2,1237,11,Master's Degree,Yes,High,Chaotic,Bad
GRHXFSZB,3.6,1356,11,Master's Degree,Yes,Moderate,Supportive,Good
ISJNUATI,2.5,1305,18,PhD,No,High,Chaotic,Bad
HOMRSCAD,3.6,961,8,Bachelor's Degree,No,Moderate,Chaotic,Bad
QMMNAXAQ,2.8,1314,15,Bachelor's Degree,No,High,Supportive,Bad
CPKNLTBQ,2.8,949,7,Bachelor's Degree,No,High,Neutral,Bad
SLDYADQV,3.2,1421,7,High School Diploma,Yes,High,Neutral,Bad
LYMAXROI,3.7,931,15,Master's Degree,Yes,High,Supportive,Bad
DSHOYHXD,2.7,1444,6,Master's Degree,Yes,High,Neutral,Good
NERUWSTP,2.3,1438,6,Master's Degree,No,Low,Neutral,Bad
CSHPGMNU,3.8,1077,15,PhD,No,Low,Supportive,Bad
JXZFYSQP,3.8,1431,8,Master's Degree,No,High,Chaotic,Bad
SHVKPJZK,3.8,980,5,High School Diploma,Yes,Low,Neutral,Bad
XKVWVAPI,3.6,1189,14,High School Diploma,No,Low,Neutral,Bad
FPBBVXQD,2.9,1254,17,PhD,No,Moderate,Neutral,Bad
IWPTYWOY,3.4,1450,14,PhD,Yes,High,Chaotic,Bad
IDQAZRZZ,2.8,1040,5,Bachelor's Degree,Yes,High,Supportive,Bad
WHPIGUIU,2.4,1079,13,High School Diploma,Yes,High,Supportive,Bad
NMHNWEAU,2.1,1148,20,PhD,Yes,High,Neutral,Bad
FEXHVQLF,2.3,1190,13,High School Diploma,No,Moderate,Chaotic,Bad
ZOGFBOLA,2.6,1007,8,Master's Degree,No,Moderate,Neutral,Bad
VWPMEIWH,2.7,1399,10,Bachelor's Degree,Yes,High,Supportive,Good
WPKGIRRZ,3.6,1584,12,High School Diploma,No,Low,Neutral,Bad
GPUNWGOJ,2.4,1333,16,PhD,Yes,Moderate,Chaotic,Bad
XJECNIVC,2.1,1408,18,High School Diploma,No,Low,Supportive,Bad
SYUAXXUS,3.0,1439,20,High School Diploma,No,High,Neutral,Bad
EUGJOGUF,3.6,1184,19,PhD,No,High,Chaotic,Bad
FOUAWJQV,3.1,1259,10,Master's Degree,No,Low,Supportive,Bad
OQZWJIQH,2.3,1060,13,Bachelor's Degree,Yes,Moderate,Chaotic,Bad
NGLJCIDT,3.5,985,5,High School Diploma,No,Low,Supportive,Bad
PUBZWLYU,3.3,1090,16,Bachelor's Degree,No,Moderate,Chaotic,Bad
NXMFBCAL,3.5,1183,14,High School Diploma,No,Moderate,Supportive,Bad
CTFJDWNC,2.7,1349,17,Master's Degree,Yes,Moderate,Chaotic,Bad
ROUUXZGD,2.1,1295,17,Master's Degree,Yes,Moderate,Supportive,Bad
EUHZNIHG,3.8,1393,15,PhD,No,Low,Chaotic,Bad
XIHWJEUT,3.8,1513,17,Master's Degree,Yes,Low,Supportive,Bad
INFFYDOI,2.6,900,17,PhD,No,High,Neutral,Bad
MUWMKVXP,2.8,1459,9,Master's Degree,No,Low,Chaotic,Bad
UDWDDFMU,3.3,1306,18,Bachelor's Degree,Yes,Low,Supportive,Bad
SHJFSHZT,3.0,1594,16,Bachelor's Degree,Yes,Moderate,Supportive,Good
QOKYDMGE,2.1,1114,17,PhD,Yes,High,Chaotic,Bad
LZRRNOLX,2.2,1392,19,Master's Degree,No,Moderate,Neutral,Bad
AWGRYTSH,3.0,1134,14,High School Diploma,Yes,High,Neutral,Bad
RRPAKGGG,2.2,971,20,Master's Degree,Yes,Moderate,Supportive,Bad
HIHALEQQ,2.9,1374,10,Bachelor's Degree,Yes,Low,Neutral,Bad
JPXEJIEZ,3.8,943,16,Master's Degree,Yes,Low,Supportive,Bad
YRFROIHV,4.0,1287,8,Bachelor's Degree,Yes,Moderate,Neutral,Good
ITGJXBQE,2.6,1245,9,PhD,No,Low,Chaotic,Bad
UGBVAKRA,2.5,1108,10,High School Diploma,No,Moderate,Supportive,Bad
ROZZNWGM,3.2,942,9,Bachelor's Degree,Yes,Low,Chaotic,Bad
ZLVHMZPK,2.5,1317,15,High School Diploma,No,Moderate,Supportive,Bad
XSDENWXM,3.2,1207,20,PhD,Yes,Moderate,Neutral,Good
XEXXEAXB,3.3,927,13,Master's Degree,No,High,Chaotic,Bad
WOHEKJOA,3.4,1198,14,Bachelor's Degree,No,High,Neutral,Bad
DOZOHGYB,3.0,1257,20,Master's Degree,No,High,Neutral,Bad
UMIMEJEJ,2.2,1416,11,Master's Degree,No,Low,Neutral,Bad
YMJYGQWL,3.1,1209,17,Bachelor's Degree,Yes,Low,Supportive,Bad
LVBUDYVR,2.6,1365,5,Bachelor's Degree,Yes,Moderate,Neutral,Bad
UQIHJUQQ,3.6,1134,11,PhD,Yes,Low,Supportive,Bad
ABIIWYVT,3.8,1071,9,PhD,No,Moderate,Supportive,Bad
GBWPVRZF,3.1,1032,7,High School Diploma,No,High,Neutral,Bad
VWZOSXBR,2.7,1570,13,PhD,No,High,Supportive,Bad
NVGGOTDA,2.5,1234,20,High School Diploma,Yes,High,Neutral,Bad
YKQNAPSE,3.9,1468,9,PhD,No,Low,Neutral,Bad
JLGHJBFR,3.9,959,12,High School Diploma,No,Moderate,Supportive,Bad
RQFRLNUF,4.0,974,16,Bachelor's Degree,Yes,High,Chaotic,Bad
YXNYSBFK,2.4,998,10,High School Diploma,No,Moderate,Neutral,Bad
NYFXFETU,2.7,1559,7,High School Diploma,No,High,Neutral,Bad
CMLXWJSY,3.6,1403,12,Bachelor's Degree,Yes,High,Supportive,Good
WXCRCRXA,2.7,1523,8,Bachelor's Degree,Yes,Moderate,Chaotic,Bad
WWKOPURL,2.2,1428,15,Master's Degree,Yes,Moderate,Supportive,Bad
DCKXICOS,2.7,1499,13,Bachelor's Degree,Yes,Low,Supportive,Bad
NHLSCNPT,3.4,1496,19,PhD,No,High,Neutral,Bad
QURWHFYK,3.4,1292,11,Master's Degree,No,Low,Neutral,Bad
NLLFSTEV,2.5,1370,16,Master's Degree,Yes,Low,Neutral,Bad
BGTVYVSG,2.9,1376,15,High School Diploma,No,Moderate,Neutral,Bad
RUXERDLX,3.8,1483,5,Master's Degree,Yes,High,Supportive,Bad
JUGCEVDN,3.4,1069,8,Master's Degree,Yes,Moderate,Supportive,Good
IVVJBWMQ,3.7,1243,6,PhD,No,Moderate,Chaotic,Bad
TNWIHKUL,3.8,974,10,Bachelor's Degree,Yes,Low,Chaotic,Bad
UJWNVSCY,2.4,1115,6,Master's Degree,No,Low,Supportive,Bad
AVPLFYBS,2.3,1211,19,High School Diploma,Yes,High,Neutral,Bad
XVKIXXPQ,2.8,1453,16,Bachelor's Degree,Yes,High,Neutral,Good
LEIYKOXI,2.9,1583,6,PhD,Yes,Moderate,Chaotic,Bad
JNIRIVID,3.2,1504,7,Bachelor's Degree,No,Moderate,Chaotic,Bad
PNRDCUMN,3.5,1341,7,Bachelor's Degree,Yes,Moderate,Supportive,Good
SJTZAODZ,3.9,1379,15,High School Diploma,Yes,High,Chaotic,Bad
KMLMRPKN,2.0,1599,14,PhD,No,Low,Chaotic,Bad
PEZSDZXB,2.4,1264,5,High School Diploma,No,High,Supportive,Bad
XYRQQXHM,3.7,1288,9,PhD,Yes,High,Supportive,Good
ATKPVWOU,3.6,1228,16,Bachelor's Degree,No,Moderate,Chaotic,Bad
KZBPUTBM,2.6,1540,15,High School Diploma,No,Moderate,Chaotic,Bad
UWIYTZVK,3.2,948,14,High School Diploma,Yes,Low,Supportive,Bad
KVRMUGWP,3.5,923,13,Bachelor's Degree,No,Low,Neutral,Bad
ABITUMKZ,2.7,937,8,High School Diploma,No,High,Neutral,Bad
PKWCPUIL,2.8,1153,17,Bachelor's Degree,Yes,Moderate,Chaotic,Bad
CTNMFLGN,2.0,1399,9,High School Diploma,No,Moderate,Chaotic,Bad
JZCJQXUC,2.8,1524,9,Master's Degree,No,Moderate,Neutral,Bad
YEJIOXYP,2.7,1118,14,Master's Degree,No,Low,Chaotic,Bad
MWONZZCN,2.9,1361,14,Master's Degree,Yes,Moderate,Supportive,Good
NATKNOZF,2.7,1178,7,Master's Degree,Yes,High,Supportive,Good
GLKMBGDK,2.4,940,17,PhD,No,Low,Supportive,Bad
WIYMPRXL,2.6,1371,19,PhD,Yes,Moderate,Chaotic,Bad
BZCRLQIF,3.6,935,19,PhD,Yes,Moderate,Neutral,Bad
BETDELUQ,2.4,1103,8,PhD,No,High,Supportive,Bad
QGLXZSSS,3.0,1263,17,High School Diploma,Yes,High,Chaotic,Bad
JIFZXGJQ,2.2,1102,13,Bachelor's Degree,No,High,Neutral,Bad
YPCRFPNL,2.6,1466,8,Bachelor's Degree,Yes,Moderate,Supportive,Good
LVYXFAVN,2.7,1232,16,PhD,Yes,Low,Neutral,Bad
ZCJEYXKT,4.0,1308,13,Master's Degree,No,Low,Supportive,Bad
OQPIIDFC,2.7,1013,16,High School Diploma,Yes,Low,Neutral,Bad
GYVZIZLK,3.0,1180,10,Master's Degree,No,Low,Neutral,Bad
YJHWCKHP,3.9,1338,6,High School Diploma,Yes,Low,Supportive,Bad
EMKBEUZP,2.4,1191,15,Master's Degree,Yes,Low,Chaotic,Bad
SXBDFFXB,2.3,1027,5,PhD,Yes,High,Neutral,Bad
EZGOOVLM,3.3,918,5,Master's Degree,No,Moderate,Neutral,Bad
MOWMVFVP,2.5,1398,9,Master's Degree,Yes,Moderate,Neutral,Good
ZACJITQQ,2.0,1085,14,PhD,No,Moderate,Neutral,Bad
JFEQGKUJ,3.6,1170,20,Master's Degree,No,High,Neutral,Bad
IEQJEAPT,2.3,1355,16,Bachelor's Degree,Yes,High,Chaotic,Bad
RKRJKQQP,3.7,1512,8,Master's Degree,Yes,High,Chaotic,Bad
EIWDTDLJ,3.8,1383,14,High School Diploma,Yes,Moderate,Chaotic,Bad
WWSKCTKE,2.6,1285,5,PhD,No,Moderate,Supportive,Bad
OEKJVEWN,3.2,922,17,Bachelor's Degree,No,Low,Supportive,Bad
PSIPTEXD,3.5,1533,6,Bachelor's Degree,Yes,High,Neutral,Good
XGKUOLIN,2.4,1137,17,High School Diploma,No,High,Chaotic,Bad
VEYZFIOP,3.4,1085,5,High School Diploma,No,Low,Chaotic,Bad
KGPUBGGG,3.9,1225,8,High School Diploma,Yes,High,Chaotic,Bad
VZGJAYYL,3.7,1136,8,High School Diploma,No,High,Neutral,Bad
AYMHBXKY,2.2,1200,6,Bachelor's Degree,Yes,Low,Chaotic,Bad
FWBIUVGY,2.2,1527,14,PhD,No,Moderate,Chaotic,Bad
GGDFCXQU,2.3,1183,17,PhD,Yes,High,Supportive,Bad
FEDDKXED,2.9,1274,12,Master's Degree,No,High,Neutral,Bad
MIJHLVCL,2.1,1418,11,Master's Degree,Yes,Low,Supportive,Bad
XVHDJADZ,3.4,1306,15,Bachelor's Degree,Yes,Low,Chaotic,Bad
PQTNBCXN,2.6,904,15,High School Diploma,No,Moderate,Chaotic,Bad
MINDBNUC,2.9,1021,16,Master's Degree,Yes,High,Neutral,Good
MYGWFDLN,3.3,1599,9,PhD,No,Low,Supportive,Bad
YKACVXMZ,3.6,1522,17,PhD,No,Low,Chaotic,Bad
UZOCZXHO,2.3,1070,14,PhD,No,Moderate,Supportive,Bad
ZGXOUSVX,2.4,1135,6,High School Diploma,No,Moderate,Supportive,Bad
AZRAIURD,3.1,949,14,PhD,Yes,High,Chaotic,Bad
XOBNZVZF,2.9,918,8,High School Diploma,Yes,Low,Neutral,Bad
CXRUFZAW,3.0,967,17,High School Diploma,Yes,High,Supportive,Bad
YTFWMVIM,2.9,1278,12,Master's Degree,No,Moderate,Chaotic,Bad
AWWVIVSK,3.6,1000,7,PhD,No,Low,Chaotic,Bad
KAZSMXJT,3.9,926,10,Bachelor's Degree,No,Moderate,Supportive,Bad
FEJZEITP,3.5,1292,15,Bachelor's Degree,No,High,Chaotic,Bad
PWCFKPFA,3.9,1342,17,Master's Degree,No,Moderate,Chaotic,Bad
LCKTNRAF,3.2,1102,13,High School Diploma,No,High,Supportive,Bad
RHPWLMAI,3.0,1331,20,Master's Degree,No,High,Chaotic,Bad
QFATVAOI,3.3,1504,8,High School Diploma,No,High,Chaotic,Bad
WFXFLYUH,2.3,1067,5,PhD,Yes,Moderate,Chaotic,Bad
MSUGKVRK,2.4,1181,17,Bachelor's Degree,No,Low,Neutral,Bad
XRIBZOCB,2.1,1347,15,Master's Degree,Yes,Moderate,Neutral,Bad
IWRBAUZE,3.1,1547,10,High School Diploma,No,High,Supportive,Bad
EIRLWYEB,3.4,1005,13,PhD,No,Low,Chaotic,Bad
IGDWIONL,3.8,1523,11,High School Diploma,Yes,Low,Neutral,Bad
GXQUCHLY,2.4,1559,17,PhD,No,High,Neutral,Bad
UNYUEXYB,3.6,1070,18,PhD,Yes,Low,Chaotic,Bad
SHAWFHLG,2.6,1373,17,Bachelor's Degree,Yes,High,Supportive,Good
VAJNFXEW,3.7,1300,19,Bachelor's Degree,No,Low,Chaotic,Bad
ILMQTQAB,2.3,1084,12,Bachelor's Degree,No,Low,Supportive,Bad
KQADYNEX,2.5,996,10,High School Diploma,Yes,Moderate,Chaotic,Bad
UQGMQWTM,2.9,1279,20,Bachelor's Degree,Yes,Low,Supportive,Bad
IACVLRZS,2.8,1446,12,High School Diploma,Yes,High,Neutral,Bad
QZYLTDFO,2.9,1454,10,High School Diploma,Yes,Low,Chaotic,Bad
FBJGQIDL,3.2,1049,11,Master's Degree,No,Moderate,Neutral,Bad
KGCPRPQT,3.5,1166,6,Bachelor's Degree,No,Moderate,Supportive,Bad
HEWFXVIB,2.6,1052,15,PhD,No,Low,Neutral,Bad
OXOZTFMS,3.8,1517,17,Bachelor's Degree,Yes,High,Neutral,Good
TGFXVOKI,4.0,1314,11,PhD,Yes,High,Neutral,Good
PDWSVDIC,3.8,1294,15,Master's Degree,No,Low,Chaotic,Bad
OQPCYGHG,2.3,1455,8,PhD,Yes,Low,Chaotic,Bad
RCXJYAJF,3.1,1099,11,Bachelor's Degree,No,Low,Neutral,Bad
CBHMMLUU,2.9,1538,17,High School Diploma,Yes,Moderate,Supportive,Bad
STWGHOJM,2.3,1415,6,PhD,No,High,Chaotic,Bad
BSWDKDUP,3.1,1475,17,Bachelor's Degree,Yes,High,Chaotic,Bad
NKQBITTJ,2.7,1343,19,Bachelor's Degree,No,Low,Supportive,Bad
MUUWWTKM,2.9,1307,18,PhD,No,Moderate,Neutral,Bad
SIOGXGVZ,3.0,1339,20,High School Diploma,No,Low,Chaotic,Bad
YTKJMBGD,2.3,1417,10,High School Diploma,Yes,Moderate,Chaotic,Bad
MWQAGEER,2.4,998,16,PhD,No,High,Supportive,Bad
THFDSAXH,3.0,1374,18,Bachelor's Degree,Yes,Low,Supportive,Bad
AFPDPNBZ,3.3,962,10,High School Diploma,Yes,High,Chaotic,Bad
PZFUKBVM,2.1,1520,15,PhD,Yes,High,Supportive,Bad
PIMZBCKK,2.3,1110,12,High School Diploma,Yes,Moderate,Supportive,Bad
XRGSXRCP,3.7,1249,16,High School Diploma,Yes,Low,Neutral,Bad
WGFWXSIQ,2.0,980,13,High School Diploma,No,Moderate,Chaotic,Bad
YGUZXGHJ,3.6,1127,5,High School Diploma,Yes,Low,Chaotic,Bad
KVFCFRUX,3.6,1185,18,Master's Degree,Yes,Moderate,Supportive,Good
VXXHNWFG,3.6,1329,13,Master's Degree,No,Moderate,Chaotic,Bad
WPMNCVOT,2.3,1474,6,PhD,Yes,High,Supportive,Bad
AMDOIUUK,2.5,1332,13,Bachelor's Degree,Yes,Low,Chaotic,Bad
GZATHHMG,3.8,1454,13,PhD,No,Moderate,Supportive,Bad
GSXNJGZN,3.4,929,5,Bachelor's Degree,Yes,High,Neutral,Bad
RBITULUM,3.7,1262,8,Bachelor's Degree,No,Low,Neutral,Bad
NTIQPDBC,3.3,1534,6,PhD,Yes,Moderate,Chaotic,Bad
BGMPPTSJ,3.0,1482,6,High School Diploma,No,Low,Supportive,Bad
XZSZICJC,3.5,1219,13,PhD,Yes,High,Supportive,Good
KUIKNDPE,3.2,1543,11,PhD,Yes,Moderate,Neutral,Good
UBDFVTTC,3.1,1332,18,Bachelor's Degree,No,Low,Neutral,Bad
BLAFIKRJ,2.8,911,11,Master's Degree,No,Low,Neutral,Bad
FMTEMMNG,2.5,1584,17,Master's Degree,Yes,Low,Supportive,Bad
QSEDJFNM,3.0,1135,5,Bachelor's Degree,No,Low,Chaotic,Bad
WIOCWTBB,2.7,945,11,Bachelor's Degree,Yes,Low,Supportive,Bad
EMCLPWYS,3.3,1141,11,Bachelor's Degree,No,High,Chaotic,Bad
BGMBEICV,2.7,1251,7,High School Diploma,No,Moderate,Neutral,Bad
TASYAKVH,3.6,1203,16,High School Diploma,Yes,Low,Neutral,Bad
GKUNMWEI,4.0,1272,14,Bachelor's Degree,No,Moderate,Chaotic,Bad
QFHVJRUS,2.6,1030,15,Master's Degree,Yes,High,Supportive,Good
IAJSVQQP,2.3,1523,10,Master's Degree,Yes,High,Chaotic,Bad
YKOZWYFN,3.7,1529,18,PhD,Yes,Moderate,Supportive,Good
RGFUULJI,3.3,1289,9,PhD,No,High,Supportive,Bad
MKYHLSJM,3.9,1390,7,Bachelor's Degree,No,Low,Supportive,Bad
GAKRTVJU,2.0,1259,14,High School Diploma,Yes,Low,Neutral,Bad
BVJRBGUB,2.4,1540,13,Master's Degree,No,Moderate,Supportive,Bad
NEOOCCFF,3.1,904,17,High School Diploma,Yes,Low,Chaotic,Bad
ZYZFMUCJ,3.0,933,19,High School Diploma,No,High,Neutral,Bad
ILZLFKMB,3.2,988,9,Master's Degree,No,Low,Chaotic,Bad
HLZDEEPP,2.5,1497,5,PhD,Yes,Low,Supportive,Bad
TPWNTFTW,2.9,1588,14,Master's Degree,No,Low,Neutral,Bad
LDRRQHPM,2.5,1171,11,PhD,Yes,High,Neutral,Good
MHZWIPIA,2.8,1230,8,PhD,Yes,Low,Supportive,Bad
JAZUYRCJ,2.4,1528,14,PhD,Yes,Moderate,Neutral,Bad
KMZLGKDR,2.4,1211,15,High School Diploma,No,Moderate,Neutral,Bad
KYFMMSID,2.8,1451,11,Master's Degree,Yes,Low,Supportive,Bad
WNYIYQYE,2.1,966,11,Master's Degree,No,Moderate,Chaotic,Bad
KFXJGYVE,2.4,1360,13,PhD,Yes,Low,Neutral,Bad
XKMRLROT,2.7,1366,11,Bachelor's Degree,Yes,Low,Neutral,Bad
KZZMQTUD,2.8,1425,10,Master's Degree,No,Moderate,Supportive,Bad
TXCDMQPZ,3.7,1081,19,Bachelor's Degree,No,Moderate,Chaotic,Bad
BWPXPBCK,2.2,1247,12,Master's Degree,Yes,Moderate,Neutral,Bad
FOLOVSED,2.3,1055,9,Master's Degree,Yes,Low,Neutral,Bad
FAWHUJNR,3.2,1200,19,Master's Degree,Yes,Moderate,Neutral,Good
TOKPHZLB,2.3,945,17,PhD,No,Moderate,Supportive,Bad
KDVVLPFI,2.8,1061,11,High School Diploma,No,Moderate,Neutral,Bad
LLVSFLFA,2.9,1361,19,PhD,No,Moderate,Supportive,Bad
YKZBUCGB,3.1,1381,12,Bachelor's Degree,No,Moderate,Supportive,Bad
KVNZPSTW,3.4,950,18,Master's Degree,No,Low,Supportive,Bad
TWSMBMBZ,2.3,1380,15,PhD,Yes,Moderate,Chaotic,Bad
NLPMGKHJ,2.1,1592,9,Bachelor's Degree,Yes,High,Chaotic,Bad
TLGZIAOH,2.7,1494,6,Bachelor's Degree,No,High,Supportive,Bad
DASAKGNH,3.2,966,8,Bachelor's Degree,No,Low,Neutral,Bad
NKMLCSIK,2.5,1263,9,Bachelor's Degree,Yes,High,Supportive,Good
UJMDQGTT,3.8,958,11,Master's Degree,No,Low,Supportive,Bad
ZUROROBN,2.3,1444,19,Master's Degree,Yes,Low,Chaotic,Bad
PSBNTCSY,2.1,1593,7,Bachelor's Degree,No,Low,Chaotic,Bad
JVIVQSCU,2.5,1240,17,Master's Degree,Yes,High,Chaotic,Bad
XHTDZOHC,2.8,1525,8,High School Diploma,No,High,Supportive,Bad
CCOQNNKH,2.5,1439,11,Master's Degree,No,High,Chaotic,Bad
QZTSMOHQ,3.6,1040,8,Bachelor's Degree,No,Moderate,Chaotic,Bad
XNMZKGRA,2.9,1352,15,High School Diploma,No,Moderate,Chaotic,Bad
GDROINZK,2.1,1051,14,Master's Degree,No,Low,Neutral,Bad
GDCWOVUP,2.7,1409,9,Master's Degree,No,High,Chaotic,Bad
GDESZJWD,2.3,970,5,Master's Degree,No,Low,Neutral,Bad
SHPWXIQY,3.4,1560,16,PhD,No,Low,Neutral,Bad
QGYLXQXH,3.1,1568,18,High School Diploma,Yes,Moderate,Supportive,Bad
XLQLMYZJ,3.3,1339,15,High School Diploma,Yes,High,Neutral,Bad
XINZYQFL,3.6,1570,18,High School Diploma,No,Moderate,Chaotic,Bad
ZNMCKNHE,2.4,1553,13,Bachelor's Degree,No,Low,Chaotic,Bad
YZPAXSNM,2.1,1575,7,High School Diploma,Yes,High,Chaotic,Bad
DYXYFKMZ,3.6,1060,17,High School Diploma,No,High,Chaotic,Bad
WLRVZQVY,2.9,1032,6,Bachelor's Degree,No,Moderate,Chaotic,Bad
HYHNODKG,3.2,1573,13,PhD,No,Low,Neutral,Bad
TGYFYMBN,3.8,1110,11,Bachelor's Degree,No,Low,Neutral,Bad
BOOAKBFH,3.9,1393,8,Master's Degree,Yes,Moderate,Supportive,Good
UUHMPDVM,2.7,1056,12,Bachelor's Degree,Yes,Moderate,Neutral,Good
YCLKLJBN,3.9,1043,17,PhD,Yes,High,Neutral,Good
BCEQGBVS,3.9,1435,20,High School Diploma,Yes,High,Supportive,Bad
JJNVYYYX,3.8,1460,17,Bachelor's Degree,Yes,Low,Supportive,Bad
CRIVZAPZ,3.2,901,13,Master's Degree,Yes,High,Neutral,Bad
PSYNUDCB,2.0,1570,16,Master's Degree,Yes,Moderate,Neutral,Bad
UAVOBTLB,3.0,936,10,Bachelor's Degree,Yes,High,Supportive,Bad
CBUZWCJX,2.3,1130,18,Bachelor's Degree,Yes,Low,Chaotic,Bad
EPKXMWWL,4.0,1033,8,Master's Degree,Yes,High,Chaotic,Bad
VHPDMPAH,3.6,1371,7,Bachelor's Degree,No,Moderate,Supportive,Bad
LPDPEQKH,2.2,1353,16,Master's Degree,No,Moderate,Chaotic,Bad
JAKSNTRE,3.0,1210,12,PhD,Yes,Low,Neutral,Bad
JRLYRMGE,3.3,1001,12,Bachelor's Degree,Yes,High,Supportive,Good
UQLYDEOP,2.8,1471,7,Master's Degree,No,Moderate,Supportive,Bad
QQRWKGYK,3.4,1299,10,PhD,Yes,Low,Supportive,Bad
ALOYZLYF,2.7,1475,20,PhD,Yes,Low,Neutral,Bad
JSPQEOYO,2.2,1013,20,Master's Degree,Yes,High,Chaotic,Bad
DQBTQWEK,2.1,991,16,PhD,No,Low,Chaotic,Bad
IQJLPJTX,2.1,1284,17,Master's Degree,No,High,Supportive,Bad
BDKWEVHA,2.8,1082,17,Master's Degree,Yes,Low,Supportive,Bad
OKJOTKWA,2.4,1280,16,PhD,Yes,High,Neutral,Bad
ZLHYBCJF,3.6,1060,14,High School Diploma,Yes,High,Supportive,Bad
XGOVTUXI,4.0,1154,14,Bachelor's Degree,No,Low,Supportive,Bad
FGJEMXJW,3.4,939,7,Master's Degree,No,Low,Supportive,Bad
QJRMUFOW,2.0,977,6,Master's Degree,Yes,Moderate,Chaotic,Bad
KTFFITBE,3.7,1546,5,Bachelor's Degree,No,Moderate,Chaotic,Bad
UHWRYBYL,3.5,1472,12,Master's Degree,No,Moderate,Chaotic,Bad
QYQHNKWH,3.6,979,7,High School Diploma,No,High,Supportive,Bad
DBOESFGO,2.0,1513,17,Master's Degree,No,Moderate,Chaotic,Bad
MESCDNVD,3.2,1040,13,High School Diploma,No,High,Chaotic,Bad
EUBGNKBS,3.7,1004,6,Bachelor's Degree,No,Moderate,Chaotic,Bad
ONJCVYUX,2.8,1043,10,Bachelor's Degree,Yes,Low,Neutral,Bad
KOXWLMFU,3.8,1416,7,Master's Degree,No,Low,Neutral,Bad
ILZXZZSJ,2.8,1192,11,PhD,No,High,Supportive,Bad
OGWUAJWT,3.1,1556,17,Master's Degree,No,Moderate,Chaotic,Bad
JVWQTYQY,3.9,1190,7,Master's Degree,No,Moderate,Supportive,Bad
BRSPKOMZ,3.5,1034,6,Bachelor's Degree,Yes,High,Neutral,Good
NJQGDKKN,2.7,1149,14,High School Diploma,No,Moderate,Neutral,Bad
YTABERNL,2.4,969,8,High School Diploma,Yes,High,Chaotic,Bad
GDFAOAIU,4.0,1372,11,Bachelor's Degree,No,Moderate,Chaotic,Bad
EKBFJRJW,2.7,1017,19,PhD,No,Low,Neutral,Bad
PVWDMIDW,2.6,1011,7,High School Diploma,Yes,Moderate,Neutral,Bad
OWLVPPNA,3.0,1529,9,Bachelor's Degree,Yes,High,Supportive,Good
VCCWJKIF,2.1,1451,8,PhD,Yes,Low,Supportive,Bad
BLNIXZSR,3.8,1116,20,High School Diploma,No,Moderate,Neutral,Bad
RBLMSJSL,3.9,1480,13,Bachelor's Degree,Yes,High,Supportive,Good
XSNZEWNA,2.7,1183,11,High School Diploma,No,Low,Chaotic,Bad
BDRPFMZY,2.4,972,7,PhD,No,Moderate,Supportive,Bad
XVZXJEMM,2.1,1186,17,Bachelor's Degree,No,Moderate,Neutral,Bad
XEIYVEGN,2.6,921,20,Master's Degree,Yes,High,Neutral,Bad
RDYBSBGB,3.0,1404,14,Master's Degree,No,Moderate,Neutral,Bad
KEXGYUQY,3.5,1522,11,High School Diploma,Yes,Low,Neutral,Bad
JRXESVRD,4.0,1106,11,High School Diploma,Yes,Low,Neutral,Bad
SLAPCGFP,3.3,1354,8,Bachelor's Degree,No,Moderate,Neutral,Bad
HEVHVMUX,3.5,1170,17,Bachelor's Degree,No,Low,Supportive,Bad
UQTSVJAX,2.3,952,7,Master's Degree,No,Moderate,Neutral,Bad
WCOBXHXZ,3.2,1347,17,High School Diploma,No,Low,Neutral,Bad
GLELGBMM,3.6,1538,10,Bachelor's Degree,No,Moderate,Neutral,Bad
FOBWHDFH,2.4,1202,15,Bachelor's Degree,Yes,High,Chaotic,Bad
CFVXGXON,2.6,1395,16,Bachelor's Degree,No,Low,Chaotic,Bad
UAOIVDGW,3.9,936,18,High School Diploma,Yes,Moderate,Supportive,Bad
DMNBQCEQ,2.8,1341,9,High School Diploma,No,Moderate,Neutral,Bad
APXMCECC,3.1,1119,7,PhD,No,High,Chaotic,Bad
XDHOULPG,2.9,1004,16,Bachelor's Degree,Yes,Low,Chaotic,Bad
QFJVRTJA,2.2,1072,18,High School Diploma,No,Low,Supportive,Bad
ARXTNESQ,2.8,1476,11,Master's Degree,No,Low,Chaotic,Bad
DEBPMBCF,3.9,1201,10,Master's Degree,No,Moderate,Neutral,Bad
BEWBHVGJ,3.6,1272,18,High School Diploma,Yes,High,Supportive,Bad
UWGDXAGB,3.8,1417,17,PhD,No,Moderate,Neutral,Bad
RJNFASIL,2.7,1143,19,Master's Degree,No,Low,Chaotic,Bad
VJSVEYFT,3.2,956,9,PhD,Yes,Moderate,Neutral,Bad
TJHGPHAV,3.0,947,7,PhD,Yes,Low,Chaotic,Bad
XXRCCNTD,3.2,1243,20,PhD,Yes,High,Chaotic,Bad
BOTAHDJY,2.0,1211,12,Bachelor's Degree,Yes,Moderate,Neutral,Bad
WLJHNNCG,2.8,1431,5,PhD,Yes,Low,Neutral,Bad
KHZCUKKE,2.1,1303,5,Master's Degree,Yes,Moderate,Neutral,Bad
NXQOMYWB,2.1,1265,19,Master's Degree,Yes,Low,Chaotic,Bad
NHCEIZNQ,3.0,1015,19,PhD,No,High,Neutral,Bad
DFYTGGXF,2.2,1410,9,PhD,Yes,High,Neutral,Bad
MFGEOHJA,2.2,1143,12,Bachelor's Degree,No,Moderate,Supportive,Bad
YYDQCBFW,2.3,936,15,High School Diploma,No,Moderate,Chaotic,Bad
RNTYMULS,2.2,1055,18,High School Diploma,No,Moderate,Chaotic,Bad
VYYBTTGZ,2.4,1527,19,High School Diploma,Yes,Low,Neutral,Bad
IENJURZW,2.3,1291,14,Master's Degree,No,Moderate,Neutral,Bad
CPLEYLUU,3.6,1593,19,High School Diploma,Yes,Low,Supportive,Bad
EBAVZFES,3.7,1236,11,High School Diploma,No,High,Chaotic,Bad
LDPFCWSG,3.0,1138,11,High School Diploma,No,Low,Chaotic,Bad
LQUOVDAO,3.6,1054,12,High School Diploma,No,High,Chaotic,Bad
FCYSTFHG,2.7,908,17,Bachelor's Degree,Yes,Low,Neutral,Bad
EZOPCUGW,2.2,926,16,PhD,No,Low,Chaotic,Bad
JLRBGHLW,2.8,1541,12,Bachelor's Degree,Yes,Low,Chaotic,Bad
JOLCSUWQ,2.9,1178,15,Bachelor's Degree,Yes,High,Chaotic,Bad
EPXAAXFC,3.2,1580,15,Master's Degree,Yes,Low,Chaotic,Bad
HGGQXODZ,3.0,1482,16,PhD,No,Low,Neutral,Bad
QIXTYWZE,3.6,1541,7,High School Diploma,No,Low,Supportive,Bad
PXGDGXWJ,2.2,1406,7,Bachelor's Degree,Yes,High,Neutral,Bad
WXAVRVLU,2.8,933,17,PhD,No,Moderate,Neutral,Bad
PAHVPMNA,2.4,1572,19,Master's Degree,Yes,High,Supportive,Bad
FMWWXRGF,3.4,942,6,Bachelor's Degree,Yes,Moderate,Supportive,Bad
ERALCNGX,2.5,1275,9,Master's Degree,Yes,High,Neutral,Good
ILNMHAUF,2.5,1276,15,Bachelor's Degree,No,Moderate,Chaotic,Bad
DAWYTDHG,3.4,1257,20,Master's Degree,No,Moderate,Chaotic,Bad
ZVHUHIUF,3.1,1008,12,High School Diploma,Yes,Low,Neutral,Bad
EHXVKWNH,3.6,1100,14,Bachelor's Degree,Yes,Moderate,Neutral,Good
HKQSVAEM,3.8,979,19,High School Diploma,No,High,Chaotic,Bad
QSCMIRIG,2.0,1159,11,Master's Degree,Yes,Moderate,Supportive,Bad
JVWDRZNO,2.8,1138,17,Bachelor's Degree,Yes,High,Neutral,Good
UZSZOZUY,3.1,1148,11,Master's Degree,Yes,High,Chaotic,Bad
LSJIQKYN,4.0,1355,6,High School Diploma,Yes,Moderate,Supportive,Bad
CAQHPIWJ,3.8,926,20,PhD,No,High,Supportive,Bad
LNULVQCY,2.1,1005,10,Master's Degree,No,Moderate,Supportive,Bad
ZVZUFEYG,3.4,1036,13,Bachelor's Degree,Yes,Moderate,Chaotic,Bad
KJPYVGNP,2.6,1221,18,Bachelor's Degree,Yes,High,Chaotic,Bad
UGMDDHAE,3.2,1021,11,PhD,Yes,High,Chaotic,Bad
GOQTPCIA,3.3,962,13,Bachelor's Degree,No,Moderate,Supportive,Bad
QFXFNBTC,2.6,1438,7,PhD,Yes,High,Supportive,Good
KDVSBDBO,3.4,963,14,Bachelor's Degree,No,Low,Chaotic,Bad
VJGFCASV,3.4,915,15,High School Diploma,Yes,Low,Chaotic,Bad
IUUDZBGP,3.0,1500,8,Bachelor's Degree,No,High,Neutral,Bad
VAUZEAYA,3.8,1023,6,High School Diploma,Yes,High,Neutral,Bad
EUGVAUWE,3.9,1131,16,PhD,No,Moderate,Supportive,Bad
BQAUMRPJ,2.4,1442,19,PhD,Yes,Low,Chaotic,Bad
NMSPVILR,2.8,1293,9,Master's Degree,Yes,High,Supportive,Good
YEPYJOFJ,3.9,1326,7,High School Diploma,No,High,Chaotic,Bad
LABUIDJJ,3.7,921,14,PhD,Yes,Low,Neutral,Bad
BAMLCFTG,2.3,1120,18,High School Diploma,No,Low,Neutral,Bad
PMIBEHVT,2.1,1004,19,High School Diploma,Yes,High,Chaotic,Bad
SFUFMMZP,3.5,1019,5,High School Diploma,No,High,Chaotic,Bad
ARGCQDMS,2.2,1214,16,PhD,No,High,Chaotic,Bad
MJZEMWHC,3.9,1386,10,PhD,Yes,Low,Neutral,Bad
LIQGHKXU,3.4,1451,18,Bachelor's Degree,Yes,High,Neutral,Good
HTVTFGAF,3.8,1514,18,PhD,No,Moderate,Supportive,Bad
HQTSLKPN,3.7,1140,18,High School Diploma,Yes,Moderate,Supportive,Bad
HGTYQEMY,3.1,1562,10,High School Diploma,No,Moderate,Supportive,Bad
XCSUVOMH,3.3,1558,15,Master's Degree,Yes,Moderate,Supportive,Good
LPACVGHY,2.0,1098,10,Master's Degree,Yes,Low,Chaotic,Bad
JGTOKLME,2.7,1143,15,PhD,Yes,Moderate,Supportive,Good
SPPABGQF,3.1,1261,19,Master's Degree,Yes,Moderate,Supportive,Good
JYUIPSQY,2.5,1563,19,Bachelor's Degree,Yes,Moderate,Neutral,Good
UGDVEOEU,3.2,1260,5,High School Diploma,No,High,Supportive,Bad
OKIQLTQO,3.7,1294,5,Master's Degree,No,High,Chaotic,Bad
REXYWPZA,2.5,995,12,PhD,No,Low,Neutral,Bad
DMKIWWUE,4.0,943,7,High School Diploma,Yes,High,Neutral,Bad
HCVRGPCQ,3.1,1440,6,Bachelor's Degree,Yes,High,Neutral,Good
LULJAGSZ,3.3,1596,18,PhD,No,Low,Neutral,Bad
FDWMQXSQ,3.6,961,15,PhD,No,Low,Chaotic,Bad
OMXIKOKS,2.5,923,18,PhD,No,Low,Supportive,Bad
XHYVSIEH,2.1,1013,8,PhD,No,High,Neutral,Bad
NVAKUTRQ,4.0,1494,20,Bachelor's Degree,No,Low,Chaotic,Bad
JHVDYTCF,2.1,1242,5,Bachelor's Degree,Yes,High,Chaotic,Bad
AFOIYEVF,2.6,1172,8,Bachelor's Degree,No,Moderate,Chaotic,Bad
KOFFROQD,3.0,1230,7,High School Diploma,Yes,Moderate,Neutral,Bad
LHWEUNAR,2.4,912,18,High School Diploma,Yes,Low,Chaotic,Bad
RNZFBLXW,3.0,1210,8,Master's Degree,Yes,Moderate,Chaotic,Bad
SNSOZOKG,2.5,1405,14,Bachelor's Degree,Yes,Low,Supportive,Bad
BTNSRCOQ,3.9,1239,20,PhD,No,Moderate,Neutral,Bad
EGIWNCTS,2.0,1311,13,Master's Degree,No,Low,Neutral,Bad
RKDSPUWA,3.1,1541,15,High School Diploma,No,Low,Chaotic,Bad
MLYQKMBH,2.8,1298,5,PhD,Yes,High,Supportive,Bad
ODXGXKNQ,2.7,1213,20,Bachelor's Degree,Yes,High,Supportive,Good
PNTDQMSG,2.6,1329,10,PhD,Yes,Low,Neutral,Bad
QYBBHLSS,3.7,1247,6,Bachelor's Degree,No,Low,Neutral,Bad
LFXUBVFL,3.2,1477,15,Master's Degree,No,High,Neutral,Bad
SSJXCGRD,3.5,1477,10,Bachelor's Degree,Yes,Low,Chaotic,Bad
NIWDDKBT,2.0,1519,8,PhD,Yes,Moderate,Supportive,Bad
QBJNDJMR,3.9,920,17,PhD,No,Low,Neutral,Bad
KJYZNLNX,3.0,1459,8,Master's Degree,No,High,Chaotic,Bad
AAETRHZV,3.3,1161,19,High School Diploma,No,High,Neutral,Bad
PTTJXJPS,3.5,1516,5,High School Diploma,No,Low,Supportive,Bad
SFVZWEME,2.4,1182,5,PhD,Yes,Low,Supportive,Bad
JEDZDXVX,4.0,1522,10,Master's Degree,Yes,High,Supportive,Good
WRXDASSP,3.3,1359,9,High School Diploma,No,Low,Supportive,Bad
PROZCNAF,3.2,1255,7,High School Diploma,No,Low,Chaotic,Bad
BUEIARAH,3.1,1253,8,PhD,No,Moderate,Neutral,Bad
RUQVGIZS,2.1,1049,14,Master's Degree,No,Moderate,Supportive,Bad
HEWTAXEJ,2.4,1083,13,PhD,No,Moderate,Neutral,Bad
WAWHHPYS,3.1,1376,5,Bachelor's Degree,Yes,Low,Chaotic,Bad
KXMRFOGH,3.5,1000,7,Master's Degree,No,Low,Chaotic,Bad
INTVVKZX,3.0,1308,9,PhD,No,High,Neutral,Bad
LAVPZSUT,3.0,1081,16,Master's Degree,No,High,Chaotic,Bad
EFFLBRGU,3.0,1123,14,Bachelor's Degree,No,Low,Supportive,Bad
RTHROVBV,3.4,1437,10,Master's Degree,No,Moderate,Supportive,Bad
WFPXNNEX,2.1,983,16,Bachelor's Degree,Yes,Moderate,Supportive,Bad
CDLVSHLK,3.7,1549,10,PhD,No,Low,Neutral,Bad
NEBFOYBA,2.6,1291,10,Bachelor's Degree,No,High,Neutral,Bad
CEYEOFGE,3.5,1438,18,Master's Degree,No,Moderate,Chaotic,Bad
IMMFZNCH,2.9,1513,17,Master's Degree,Yes,High,Neutral,Good
YTMOZKIZ,3.6,1003,8,High School Diploma,No,Moderate,Chaotic,Bad
IJGUCKUK,2.2,1438,10,Bachelor's Degree,Yes,High,Neutral,Bad
NHZSSFDQ,2.1,959,14,PhD,No,High,Chaotic,Bad
ZSZRJUDB,3.9,1349,11,Bachelor's Degree,Yes,High,Neutral,Good
UBSOJBCU,2.0,1490,10,Bachelor's Degree,Yes,Moderate,Supportive,Bad
CAFDDFIG,2.3,1001,7,Bachelor's Degree,Yes,Moderate,Chaotic,Bad
ZRYKNOOI,3.9,1117,6,High School Diploma,Yes,High,Supportive,Bad
URIWMDKA,3.0,1447,17,High School Diploma,No,Low,Neutral,Bad
FZEEJJMD,2.2,909,6,Bachelor's Degree,Yes,Low,Supportive,Bad
QUCWZTAX,4.0,1302,6,PhD,No,High,Neutral,Bad
PTKCAXRX,2.2,1236,18,PhD,No,Low,Supportive,Bad
NNHZFTVI,2.4,1202,16,PhD,Yes,Moderate,Neutral,Bad
CQSPBFFB,3.1,1286,15,Bachelor's Degree,Yes,High,Chaotic,Bad
EONPKFYW,2.0,1417,5,Bachelor's Degree,No,High,Supportive,Bad
TBROGKRF,2.6,1278,20,Bachelor's Degree,Yes,High,Neutral,Good
LAZXANQK,3.0,964,9,Master's Degree,Yes,High,Chaotic,Bad
TICMCBCV,3.7,1085,17,High School Diploma,No,High,Supportive,Bad
CBCCKINH,2.2,1351,20,High School Diploma,No,Low,Chaotic,Bad
QAMVWUQX,3.9,1323,12,Master's Degree,Yes,High,Neutral,Good
MSAGMMPZ,2.0,1323,15,PhD,Yes,High,Supportive,Bad
LTWFSZGK,3.2,1027,13,Bachelor's Degree,No,High,Supportive,Bad
UOLPZGWB,2.4,1252,12,Bachelor's Degree,No,Moderate,Neutral,Bad
DPUMCRLJ,2.1,1297,20,High School Diploma,No,Low,Neutral,Bad
ULGWJZVN,3.6,1055,15,Bachelor's Degree,Yes,Moderate,Supportive,Good
YKBYHDMG,2.1,1296,15,Bachelor's Degree,Yes,High,Neutral,Bad
BOEPEUHA,2.8,1242,12,Master's Degree,No,Low,Chaotic,Bad
CRJZUVVP,3.5,1058,11,Master's Degree,Yes,Low,Chaotic,Bad
YTLVUIXW,2.9,1501,17,Bachelor's Degree,No,High,Supportive,Bad
HERWXWZQ,2.6,1084,18,High School Diploma,Yes,Moderate,Chaotic,Bad
MZFFFPWW,2.6,1460,14,PhD,Yes,High,Neutral,Good
IVYIEHPX,2.6,1218,6,Master's Degree,No,Moderate,Supportive,Bad
MDTHGIRD,2.2,1165,9,Master's Degree,No,Low,Chaotic,Bad
CWYVDEZL,3.2,1127,20,Master's Degree,Yes,Low,Chaotic,Bad
HBGPKQWK,4.0,1012,13,High School Diploma,Yes,Moderate,Chaotic,Bad
THEBBPKP,2.6,1068,11,PhD,No,High,Supportive,Bad
IYTMOLDU,3.7,1071,10,PhD,No,High,Chaotic,Bad
UBHKDCWR,3.9,1097,14,Master's Degree,Yes,High,Supportive,Good
KUVHLTZL,2.6,1538,14,High School Diploma,No,High,Neutral,Bad
SVMGDNYR,3.5,1447,13,Bachelor's Degree,Yes,Moderate,Supportive,Good
URLGCKVQ,2.5,1434,16,Master's Degree,Yes,Moderate,Neutral,Good
MXFPXPOP,3.1,1042,5,PhD,No,High,Supportive,Bad
TQXQMMZE,2.6,1169,5,High School Diploma,No,High,Chaotic,Bad
UOYEZTHA,3.7,1203,14,High School Diploma,Yes,High,Neutral,Bad
OPKTOFXK,3.5,1514,18,PhD,No,Low,Supportive,Bad
BUAHKGIU,2.6,1376,14,Bachelor's Degree,Yes,Moderate,Supportive,Good
DFGEVETN,4.0,1465,8,Master's Degree,No,Moderate,Neutral,Bad
UUINHEDJ,3.9,1586,18,PhD,No,Low,Chaotic,Bad
YFTXYWPR,2.4,1029,14,Bachelor's Degree,Yes,High,Supportive,Bad
UHRKKZQG,2.3,998,14,Bachelor's Degree,No,Moderate,Neutral,Bad
GLTIAYBU,2.8,1326,19,PhD,Yes,High,Neutral,Good
HZSQRCLW,3.1,1302,17,Master's Degree,No,High,Chaotic,Bad
KNZTYYXL,2.4,1488,14,Bachelor's Degree,Yes,Low,Chaotic,Bad
UCMZPHFG,2.5,1542,8,Bachelor's Degree,No,Moderate,Neutral,Bad
YSWEARKB,3.4,1009,8,PhD,Yes,Low,Supportive,Bad
ZLPXEPTJ,2.7,939,14,PhD,No,Moderate,Supportive,Bad
JPQTVEFX,3.4,1086,18,Master's Degree,Yes,High,Neutral,Good
WSSYMUEQ,2.6,914,17,High School Diploma,Yes,High,Chaotic,Bad
EQWTWBIB,3.7,1337,14,High School Diploma,Yes,Moderate,Neutral,Bad
WRRZQOGL,3.3,1031,9,PhD,Yes,Moderate,Supportive,Good
BKSVXFJS,3.5,1253,8,PhD,Yes,Moderate,Neutral,Good
GBGIDSPB,4.0,1152,19,High School Diploma,No,High,Chaotic,Bad
XDBJNGMJ,2.3,1303,7,Master's Degree,No,Low,Neutral,Bad
JDPBNOVG,3.4,922,8,High School Diploma,Yes,Moderate,Neutral,Bad
XNRXORAU,2.7,1551,16,High School Diploma,Yes,High,Chaotic,Bad
VUZGOQDH,3.9,1449,19,Bachelor's Degree,No,Low,Supportive,Bad
JTAJQRDN,3.7,1575,15,PhD,Yes,High,Neutral,Good
WGIVEVNP,3.6,1298,14,PhD,Yes,High,Supportive,Good
ALPHZAMJ,3.6,991,13,High School Diploma,Yes,Low,Supportive,Bad
KDMVCELM,3.1,1316,10,Bachelor's Degree,Yes,Moderate,Chaotic,Bad
JLHCUSPL,2.0,1499,16,PhD,No,Moderate,Supportive,Bad
VBKBWNMQ,3.0,1339,14,High School Diploma,No,High,Neutral,Bad
DFWOGCDY,3.6,1075,15,Master's Degree,No,Low,Chaotic,Bad
VRHYJREA,3.0,1077,19,PhD,No,Low,Supportive,Bad
GBPYBDBD,2.6,1471,7,Master's Degree,Yes,Low,Chaotic,Bad
KZSCEEPX,3.7,1379,11,Master's Degree,No,High,Supportive,Bad
ACBHJJUH,3.5,1147,14,Master's Degree,No,High,Neutral,Bad
TRJVKRWL,3.2,1181,13,Master's Degree,Yes,Low,Supportive,Bad
NRKSUDNU,2.8,1074,13,PhD,Yes,Low,Neutral,Bad
MUWFBFQG,3.1,994,20,PhD,No,High,Chaotic,Bad
NTKFJFSH,3.8,1242,17,Master's Degree,No,High,Supportive,Bad
XUYQNXSO,2.6,1320,7,Bachelor's Degree,Yes,Moderate,Supportive,Good
MNIYAUZS,4.0,1090,5,High School Diploma,Yes,High,Supportive,Bad
DQRWINIV,2.3,1040,13,Bachelor's Degree,Yes,High,Neutral,Bad
MDNBMYTY,2.4,983,18,Master's Degree,No,High,Neutral,Bad
HIRAGVTE,2.6,1419,6,Bachelor's Degree,No,High,Neutral,Bad
GPBLBRVV,3.4,1098,14,Master's Degree,No,Low,Supportive,Bad
ZWMZQULT,2.3,1033,5,Master's Degree,Yes,High,Chaotic,Bad
SNDDFKOA,3.9,1420,7,PhD,No,Moderate,Chaotic,Bad
RRHEADFE,2.3,1224,5,PhD,No,Low,Supportive,Bad
MSCZIRPL,3.4,928,12,PhD,Yes,Moderate,Neutral,Bad
QPFSXFFP,2.3,996,8,PhD,Yes,High,Supportive,Bad
ZYQHUUAV,2.4,1027,19,PhD,No,Moderate,Chaotic,Bad
PALBRXZA,3.1,1250,11,PhD,No,High,Chaotic,Bad
NKDRDBWM,3.8,1062,20,High School Diploma,No,Moderate,Neutral,Bad
PXAUAFRV,3.9,1425,14,PhD,No,Moderate,Neutral,Bad
WGZPSMXV,3.3,973,19,Bachelor's Degree,Yes,Moderate,Chaotic,Bad
SZGNXXWT,2.5,1268,19,Master's Degree,No,Low,Supportive,Bad
LJYUAHGS,2.5,1082,19,Bachelor's Degree,No,Moderate,Chaotic,Bad
SDPXTKGC,3.0,1515,6,High School Diploma,No,High,Supportive,Bad
ZRPKTQRA,3.5,1281,13,Master's Degree,No,High,Chaotic,Bad
FJWCHYWN,3.1,1460,17,Bachelor's Degree,Yes,Moderate,Neutral,Good
PUDJUUUB,3.5,1375,14,PhD,No,Low,Supportive,Bad
ENZGVOXD,3.4,1255,12,Bachelor's Degree,Yes,High,Chaotic,Bad
SSLOYCGS,3.6,975,17,PhD,No,Low,Supportive,Bad
EKEZZGHP,3.5,984,14,Master's Degree,No,High,Supportive,Bad
XGVYVUYZ,2.6,1295,19,High School Diploma,Yes,High,Chaotic,Bad
HIYDROKX,2.7,1396,12,PhD,Yes,High,Supportive,Good
URGYIHHY,2.5,1189,6,PhD,No,Low,Supportive,Bad
DLPZSAGL,3.0,1072,10,Master's Degree,Yes,High,Neutral,Good
MSRGCTVP,2.5,1489,9,PhD,No,Low,Chaotic,Bad
RMKCKTQK,2.5,1156,6,High School Diploma,Yes,High,Neutral,Bad
DBZUKAJK,3.8,1597,7,High School Diploma,No,Low,Neutral,Bad
FQDOWKON,2.1,1443,15,High School Diploma,No,Moderate,Chaotic,Bad
KNBYRRZI,3.7,1261,9,Master's Degree,Yes,High,Chaotic,Bad
SAXVIIMW,2.4,1172,10,PhD,No,High,Neutral,Bad
SBPANNOS,2.9,1212,20,Bachelor's Degree,Yes,Low,Supportive,Bad
DBTRHQDI,3.9,1380,12,Master's Degree,No,High,Neutral,Bad
HOYLZJUE,2.7,1304,7,High School Diploma,Yes,Moderate,Neutral,Bad
XEAMHIJR,3.9,926,20,PhD,No,Low,Chaotic,Bad
NCWYWCUV,3.5,1216,8,Master's Degree,No,Moderate,Supportive,Bad
IXCIJFEG,2.1,1522,8,High School Diploma,No,Moderate,Neutral,Bad
VCZBYUXD,3.4,1018,13,PhD,Yes,Low,Neutral,Bad
EDMFKDUM,3.9,1540,7,High School Diploma,Yes,High,Supportive,Bad
MKUQUAWX,2.1,1370,5,High School Diploma,No,Moderate,Neutral,Bad
KMZXDLHP,3.5,1135,14,Bachelor's Degree,Yes,High,Neutral,Good
YWFLKNGK,2.1,1278,15,High School Diploma,Yes,High,Chaotic,Bad
GBKTMPNY,2.9,1319,20,Master's Degree,Yes,Moderate,Supportive,Good
NCWMLQMP,4.0,1177,10,PhD,Yes,High,Chaotic,Bad
ALSAEOPQ,3.4,1218,16,Master's Degree,Yes,High,Supportive,Good
LIWCSIOU,4.0,1024,16,Bachelor's Degree,No,High,Supportive,Bad
HUSLFGHM,3.6,1308,16,High School Diploma,No,High,Chaotic,Bad
EBJJTUFK,3.8,936,18,Bachelor's Degree,Yes,Moderate,Neutral,Bad
JZUNIAZW,4.0,1225,6,Master's Degree,Yes,High,Supportive,Good
LYRPVSRP,3.5,1448,14,High School Diploma,No,High,Supportive,Bad
PDJNEKFP,3.8,1541,8,Bachelor's Degree,Yes,High,Supportive,Good
SKPYVOCS,2.9,979,8,Master's Degree,Yes,Moderate,Supportive,Bad
TJXPWVLW,3.8,1508,12,Bachelor's Degree,Yes,Moderate,Chaotic,Bad
VWFRICUE,2.4,942,5,Master's Degree,No,Moderate,Chaotic,Bad
PIEDQDBX,2.3,1412,12,High School Diploma,Yes,Moderate,Chaotic,Bad
OYFNAROS,3.0,1039,6,PhD,Yes,High,Chaotic,Bad
EEKYUANL,2.4,1258,9,Bachelor's Degree,Yes,Moderate,Chaotic,Bad
LLFTWAFZ,2.9,1215,6,High School Diploma,No,Moderate,Neutral,Bad
EROSIKYO,3.8,1375,12,Bachelor's Degree,Yes,Moderate,Neutral,Good
VBPKEPZS,3.1,1331,12,Master's Degree,No,Moderate,Chaotic,Bad
JUQKARUD,3.5,953,14,PhD,Yes,Low,Chaotic,Bad
UDBYEZPC,3.1,1466,10,Bachelor's Degree,Yes,High,Neutral,Good
OAIJOUPP,3.7,1037,19,Bachelor's Degree,No,Low,Supportive,Bad
CAAFNIXK,3.3,1413,15,PhD,Yes,High,Supportive,Good
ZZUZQOIL,2.1,962,17,Master's Degree,Yes,High,Neutral,Bad
RQKXDROG,2.1,1104,17,High School Diploma,Yes,Low,Supportive,Bad
SNYJNNNQ,2.9,1594,8,Master's Degree,Yes,High,Chaotic,Bad
YHKEBTBA,2.5,1554,19,Master's Degree,No,Low,Neutral,Bad
OKNKXOTN,3.2,1276,7,PhD,Yes,Moderate,Neutral,Good
FZEXTMFU,2.1,1587,19,High School Diploma,No,High,Chaotic,Bad
OOYXQJIJ,2.2,1211,17,Master's Degree,No,Moderate,Supportive,Bad
KQSKPJRN,3.3,1209,7,Master's Degree,Yes,Moderate,Chaotic,Bad
MJXJCNSD,2.8,1579,9,PhD,No,Moderate,Neutral,Bad
WXPUGQDE,2.5,1548,16,Bachelor's Degree,Yes,Moderate,Supportive,Good
ELMVALXL,3.7,1184,6,Master's Degree,Yes,High,Supportive,Good
TGRZUFXU,4.0,1521,6,High School Diploma,Yes,High,Chaotic,Bad
EKHKUXDW,3.1,908,12,Master's Degree,No,Moderate,Supportive,Bad
LLSABWZP,2.7,1424,16,Master's Degree,No,Moderate,Chaotic,Bad
GWKAAGCB,3.1,1284,16,High School Diploma,Yes,High,Chaotic,Bad
XGEVUJWH,3.5,947,16,High School Diploma,Yes,High,Chaotic,Bad
DERYVAJB,2.1,930,13,Master's Degree,Yes,Low,Neutral,Bad
WFLEKGKL,3.6,1229,13,High School Diploma,Yes,Low,Chaotic,Bad
JAHRPQRB,3.6,1085,6,Bachelor's Degree,Yes,Low,Supportive,Bad
BKUUIAUS,2.7,1062,16,High School Diploma,Yes,Low,Chaotic,Bad
NXTKEFGJ,2.4,1131,9,Bachelor's Degree,No,Moderate,Neutral,Bad
RUPUQIME,3.8,1438,16,Master's Degree,No,Moderate,Chaotic,Bad
ENFRUZNH,2.4,1190,19,Bachelor's Degree,Yes,High,Supportive,Bad
FXZHNVMX,2.7,1527,16,Master's Degree,No,Low,Chaotic,Bad
VEHLZGTE,3.5,917,11,PhD,Yes,Low,Chaotic,Bad
QQWXMQNG,2.5,1426,6,Bachelor's Degree,No,Low,Neutral,Bad
OPFRAGZI,2.9,959,14,High School Diploma,No,High,Supportive,Bad
PJINADIW,3.3,1343,7,PhD,Yes,High,Neutral,Good
SKJYDNDV,2.9,1492,15,Master's Degree,Yes,Low,Supportive,Bad
SLRXWIAT,2.9,1533,17,Bachelor's Degree,Yes,High,Chaotic,Bad
SZASOQOZ,2.7,1305,17,PhD,Yes,High,Chaotic,Bad
TUCZHEWA,2.1,1233,9,Master's Degree,Yes,High,Chaotic,Bad
TQRBYUFS,3.9,990,12,Master's Degree,No,High,Neutral,Bad
DTJRGNRH,3.7,1147,20,Bachelor's Degree,No,Moderate,Supportive,Bad
SXPDWWQC,3.4,1129,17,Bachelor's Degree,No,Moderate,Neutral,Bad
FAKTEYEZ,4.0,978,5,PhD,Yes,Low,Chaotic,Bad
CHPIYYHY,3.1,1368,10,Bachelor's Degree,Yes,High,Supportive,Good
KMATDMZY,3.4,1055,13,Master's Degree,No,Low,Chaotic,Bad
UYYAVAWC,3.1,1046,20,Bachelor's Degree,Yes,Low,Supportive,Bad
UWHZJDZF,2.6,1197,20,Bachelor's Degree,Yes,Moderate,Chaotic,Bad
ZIYHBJVY,2.2,1587,13,Bachelor's Degree,Yes,Moderate,Chaotic,Bad
PSYVQIXP,2.6,1380,18,High School Diploma,Yes,Low,Supportive,Bad
GBJMUNEY,3.5,1383,12,High School Diploma,No,Low,Supportive,Bad
ATEVKMZA,2.2,1237,18,Bachelor's Degree,Yes,High,Chaotic,Bad
AURECUJH,3.0,1563,6,High School Diploma,No,High,Chaotic,Bad
AKVFHCTS,2.1,1254,15,High School Diploma,No,High,Supportive,Bad
DMMWOXXG,3.0,1578,15,Master's Degree,No,Moderate,Chaotic,Bad
SRAJLPRM,3.0,1329,6,High School Diploma,No,Moderate,Neutral,Bad
ZKNRYAZG,2.8,1124,15,PhD,Yes,Moderate,Supportive,Good
NXRJJRGV,2.7,1284,10,PhD,Yes,Low,Chaotic,Bad
RKOKDCET,3.4,1393,13,Master's Degree,Yes,High,Chaotic,Bad
LLYTPFWQ,2.6,1388,8,Master's Degree,No,Moderate,Chaotic,Bad
WBWFLQUC,3.7,1307,19,Master's Degree,No,Low,Chaotic,Bad
MHWVDCAO,3.5,1375,9,Master's Degree,Yes,Moderate,Chaotic,Bad
CFCSRCTL,3.0,1096,18,High School Diploma,Yes,Moderate,Supportive,Bad
CENILBLV,3.5,1584,17,Master's Degree,Yes,High,Supportive,Good
DDTATZGR,3.1,919,7,PhD,No,Low,Neutral,Bad
JADBBSVC,2.6,979,15,Master's Degree,Yes,Moderate,Chaotic,Bad
LGSZKSUK,2.0,1328,14,PhD,No,High,Supportive,Bad
HBFKURDT,2.4,1462,19,High School Diploma,No,Moderate,Neutral,Bad
WICPFSJQ,3.7,1207,14,High School Diploma,No,Moderate,Supportive,Bad
VPMOFEDN,3.0,1388,5,High School Diploma,Yes,Low,Supportive,Bad
KJIQVHKX,2.0,1503,17,Master's Degree,Yes,Moderate,Neutral,Bad
ZRRMVKSK,2.8,1024,14,PhD,No,Low,Neutral,Bad
ICUHCKGS,3.4,1060,19,Master's Degree,Yes,Low,Chaotic,Bad
QWJUPNMW,3.8,1376,19,PhD,Yes,Low,Neutral,Bad
NZINPMUS,3.5,1065,13,High School Diploma,Yes,Low,Supportive,Bad
HKDVQSQS,2.7,1346,5,PhD,Yes,Moderate,Neutral,Bad
ZWOMAYFE,2.3,1536,19,Bachelor's Degree,Yes,Low,Supportive,Bad
INCLCUJU,3.9,1265,14,Master's Degree,No,High,Chaotic,Bad
EEAUBYJT,2.3,1005,7,PhD,No,Low,Chaotic,Bad
KPNRTEIW,3.4,1369,19,Master's Degree,No,Low,Chaotic,Bad
NXMHTOTN,3.3,1242,6,PhD,No,High,Supportive,Bad
HEDCWLOG,2.5,1229,20,High School Diploma,Yes,Moderate,Neutral,Bad
ZGXJZZRA,2.6,956,18,High School Diploma,Yes,High,Supportive,Bad
MBJPXOXJ,2.0,1291,19,High School Diploma,Yes,Moderate,Chaotic,Bad
FNVGJLCM,3.7,1386,5,High School Diploma,Yes,High,Neutral,Bad
SUFSQEAY,3.0,1411,5,Bachelor's Degree,Yes,High,Chaotic,Bad
KQKNDDNF,3.2,1480,13,High School Diploma,Yes,High,Supportive,Bad
RLJWZMRP,2.8,1406,10,Bachelor's Degree,No,High,Supportive,Bad
DMBPAKWZ,3.6,1282,5,Master's Degree,Yes,Moderate,Neutral,Bad
MYCSTSAL,3.3,1261,14,Master's Degree,Yes,High,Supportive,Good
TUTEYYGN,2.6,1482,19,High School Diploma,Yes,Low,Chaotic,Bad
OUPHLKFH,2.8,1498,14,Bachelor's Degree,No,Low,Supportive,Bad
CWCZMHTC,3.9,1227,15,Master's Degree,No,Moderate,Chaotic,Bad
LRXLODEV,2.2,1378,9,High School Diploma,No,Low,Chaotic,Bad
NAPVFORS,3.3,971,5,Bachelor's Degree,No,Low,Supportive,Bad
HNFJNUJF,2.3,1507,16,Master's Degree,No,High,Supportive,Bad
HYALKPXT,3.8,1119,17,PhD,Yes,Low,Chaotic,Bad
QHIWWENW,3.4,934,12,PhD,No,High,Chaotic,Bad
NUUPIYFU,2.1,1315,8,High School Diploma,Yes,High,Chaotic,Bad
QNFMEUVF,3.8,1206,17,Master's Degree,Yes,High,Chaotic,Bad
WEBXIUJD,3.4,1051,7,PhD,No,Low,Supportive,Bad
MXKLODIK,2.6,1053,6,Bachelor's Degree,Yes,High,Neutral,Good
JOMFPHJR,3.4,1388,16,High School Diploma,Yes,Moderate,Supportive,Bad
YPTVTACP,2.4,1199,13,PhD,No,High,Neutral,Bad
MYNEQRIX,2.0,1116,9,Master's Degree,No,Moderate,Neutral,Bad
POOVLIRR,2.2,927,8,High School Diploma,Yes,Low,Chaotic,Bad
HFCBYFZQ,2.8,1164,10,High School Diploma,Yes,Moderate,Chaotic,Bad
SZRRIJBN,2.8,1031,8,PhD,No,Moderate,Neutral,Bad
DOIUKEFY,3.9,1174,6,PhD,No,High,Supportive,Bad
EEDCSJQI,3.5,1576,7,PhD,Yes,Moderate,Neutral,Good
KXPINVDM,3.8,1246,10,Master's Degree,Yes,Moderate,Supportive,Good
USGIGBUY,2.3,1363,14,High School Diploma,Yes,Moderate,Supportive,Bad
GWAGCEGY,4.0,1577,11,Bachelor's Degree,No,Low,Supportive,Bad
MVGYIWMC,3.7,1381,6,PhD,No,High,Supportive,Bad
QEFNNQGG,2.2,1013,19,PhD,Yes,High,Neutral,Bad
JSPKMZMU,3.3,1116,19,Bachelor's Degree,Yes,Moderate,Chaotic,Bad
PVBUOJTJ,2.9,1523,18,High School Diploma,Yes,High,Supportive,Bad
NCMHANAR,3.7,1376,16,Bachelor's Degree,No,Moderate,Neutral,Bad
XGXLRDSN,2.2,1492,14,PhD,Yes,High,Supportive,Bad
QQPQTMVW,4.0,1295,9,Master's Degree,No,High,Neutral,Bad
PJIHOXJF,3.4,1115,8,PhD,Yes,Moderate,Supportive,Good
OXGVAOYE,2.6,1140,5,Bachelor's Degree,No,Low,Neutral,Bad
FCLYKJLX,3.1,1242,19,Master's Degree,Yes,Low,Chaotic,Bad
COWHWWQZ,2.1,1396,7,High School Diploma,No,High,Neutral,Bad
VQNXNUJP,2.1,1070,16,Bachelor's Degree,No,High,Neutral,Bad
FQKNEEQJ,2.7,1342,10,Bachelor's Degree,Yes,Moderate,Neutral,Good
NIIHZXKM,3.2,1439,10,Master's Degree,No,High,Neutral,Bad
XBEUXLON,3.3,1308,8,PhD,Yes,Low,Chaotic,Bad
RNNKABAW,3.8,1406,6,Master's Degree,Yes,Moderate,Chaotic,Bad
EGYAXKLI,2.3,1025,14,Bachelor's Degree,No,Moderate,Neutral,Bad
HJYAYVLD,3.9,943,15,Bachelor's Degree,Yes,Low,Chaotic,Bad
